Ad Group,Keyword,Campaign,Criterion Type
sofas,sofas buy,SEM_Sofas,Exact
buy,buy sofas,SEM_Sofas,Exact
sofas,sofas price,SEM_Sofas,Exact
price,price sofas,SEM_Sofas,Exact
sofas,sofas discount,SEM_Sofas,Exact
discount,discount sofas,SEM_Sofas,Exact
sofas,sofas promotion,SEM_Sofas,Exact
promotion,promotion sofas,SEM_Sofas,Exact
sofas,sofas promo,SEM_Sofas,Exact
promo,promo sofas,SEM_Sofas,Exact
sofas,sofas shop,SEM_Sofas,Exact
shop,shop sofas,SEM_Sofas,Exact
sofas,sofas buying,SEM_Sofas,Exact
buying,buying sofas,SEM_Sofas,Exact
sofas,sofas prices,SEM_Sofas,Exact
prices,prices sofas,SEM_Sofas,Exact
sofas,sofas pricing,SEM_Sofas,Exact
pricing,pricing sofas,SEM_Sofas,Exact
sofas,sofas shopping,SEM_Sofas,Exact
shopping,shopping sofas,SEM_Sofas,Exact
convertible sofas,convertible sofas buy,SEM_Sofas,Exact
buy,buy convertible sofas,SEM_Sofas,Exact
convertible sofas,convertible sofas price,SEM_Sofas,Exact
price,price convertible sofas,SEM_Sofas,Exact
convertible sofas,convertible sofas discount,SEM_Sofas,Exact
discount,discount convertible sofas,SEM_Sofas,Exact
convertible sofas,convertible sofas promotion,SEM_Sofas,Exact
promotion,promotion convertible sofas,SEM_Sofas,Exact
convertible sofas,convertible sofas promo,SEM_Sofas,Exact
promo,promo convertible sofas,SEM_Sofas,Exact
convertible sofas,convertible sofas shop,SEM_Sofas,Exact
shop,shop convertible sofas,SEM_Sofas,Exact
convertible sofas,convertible sofas buying,SEM_Sofas,Exact
buying,buying convertible sofas,SEM_Sofas,Exact
convertible sofas,convertible sofas prices,SEM_Sofas,Exact
prices,prices convertible sofas,SEM_Sofas,Exact
convertible sofas,convertible sofas pricing,SEM_Sofas,Exact
pricing,pricing convertible sofas,SEM_Sofas,Exact
convertible sofas,convertible sofas shopping,SEM_Sofas,Exact
shopping,shopping convertible sofas,SEM_Sofas,Exact
love seats,love seats buy,SEM_Sofas,Exact
buy,buy love seats,SEM_Sofas,Exact
love seats,love seats price,SEM_Sofas,Exact
price,price love seats,SEM_Sofas,Exact
love seats,love seats discount,SEM_Sofas,Exact
discount,discount love seats,SEM_Sofas,Exact
love seats,love seats promotion,SEM_Sofas,Exact
promotion,promotion love seats,SEM_Sofas,Exact
love seats,love seats promo,SEM_Sofas,Exact
promo,promo love seats,SEM_Sofas,Exact
love seats,love seats shop,SEM_Sofas,Exact
shop,shop love seats,SEM_Sofas,Exact
love seats,love seats buying,SEM_Sofas,Exact
buying,buying love seats,SEM_Sofas,Exact
love seats,love seats prices,SEM_Sofas,Exact
prices,prices love seats,SEM_Sofas,Exact
love seats,love seats pricing,SEM_Sofas,Exact
pricing,pricing love seats,SEM_Sofas,Exact
love seats,love seats shopping,SEM_Sofas,Exact
shopping,shopping love seats,SEM_Sofas,Exact
recliners,recliners buy,SEM_Sofas,Exact
buy,buy recliners,SEM_Sofas,Exact
recliners,recliners price,SEM_Sofas,Exact
price,price recliners,SEM_Sofas,Exact
recliners,recliners discount,SEM_Sofas,Exact
discount,discount recliners,SEM_Sofas,Exact
recliners,recliners promotion,SEM_Sofas,Exact
promotion,promotion recliners,SEM_Sofas,Exact
recliners,recliners promo,SEM_Sofas,Exact
promo,promo recliners,SEM_Sofas,Exact
recliners,recliners shop,SEM_Sofas,Exact
shop,shop recliners,SEM_Sofas,Exact
recliners,recliners buying,SEM_Sofas,Exact
buying,buying recliners,SEM_Sofas,Exact
recliners,recliners prices,SEM_Sofas,Exact
prices,prices recliners,SEM_Sofas,Exact
recliners,recliners pricing,SEM_Sofas,Exact
pricing,pricing recliners,SEM_Sofas,Exact
recliners,recliners shopping,SEM_Sofas,Exact
shopping,shopping recliners,SEM_Sofas,Exact
sofa beds,sofa beds buy,SEM_Sofas,Exact
buy,buy sofa beds,SEM_Sofas,Exact
sofa beds,sofa beds price,SEM_Sofas,Exact
price,price sofa beds,SEM_Sofas,Exact
sofa beds,sofa beds discount,SEM_Sofas,Exact
discount,discount sofa beds,SEM_Sofas,Exact
sofa beds,sofa beds promotion,SEM_Sofas,Exact
promotion,promotion sofa beds,SEM_Sofas,Exact
sofa beds,sofa beds promo,SEM_Sofas,Exact
promo,promo sofa beds,SEM_Sofas,Exact
sofa beds,sofa beds shop,SEM_Sofas,Exact
shop,shop sofa beds,SEM_Sofas,Exact
sofa beds,sofa beds buying,SEM_Sofas,Exact
buying,buying sofa beds,SEM_Sofas,Exact
sofa beds,sofa beds prices,SEM_Sofas,Exact
prices,prices sofa beds,SEM_Sofas,Exact
sofa beds,sofa beds pricing,SEM_Sofas,Exact
pricing,pricing sofa beds,SEM_Sofas,Exact
sofa beds,sofa beds shopping,SEM_Sofas,Exact
shopping,shopping sofa beds,SEM_Sofas,Exact
sofas,sofas buy,SEM_Sofas,Phrase
buy,buy sofas,SEM_Sofas,Phrase
sofas,sofas price,SEM_Sofas,Phrase
price,price sofas,SEM_Sofas,Phrase
sofas,sofas discount,SEM_Sofas,Phrase
discount,discount sofas,SEM_Sofas,Phrase
sofas,sofas promotion,SEM_Sofas,Phrase
promotion,promotion sofas,SEM_Sofas,Phrase
sofas,sofas promo,SEM_Sofas,Phrase
promo,promo sofas,SEM_Sofas,Phrase
sofas,sofas shop,SEM_Sofas,Phrase
shop,shop sofas,SEM_Sofas,Phrase
sofas,sofas buying,SEM_Sofas,Phrase
buying,buying sofas,SEM_Sofas,Phrase
sofas,sofas prices,SEM_Sofas,Phrase
prices,prices sofas,SEM_Sofas,Phrase
sofas,sofas pricing,SEM_Sofas,Phrase
pricing,pricing sofas,SEM_Sofas,Phrase
sofas,sofas shopping,SEM_Sofas,Phrase
shopping,shopping sofas,SEM_Sofas,Phrase
convertible sofas,convertible sofas buy,SEM_Sofas,Phrase
buy,buy convertible sofas,SEM_Sofas,Phrase
convertible sofas,convertible sofas price,SEM_Sofas,Phrase
price,price convertible sofas,SEM_Sofas,Phrase
convertible sofas,convertible sofas discount,SEM_Sofas,Phrase
discount,discount convertible sofas,SEM_Sofas,Phrase
convertible sofas,convertible sofas promotion,SEM_Sofas,Phrase
promotion,promotion convertible sofas,SEM_Sofas,Phrase
convertible sofas,convertible sofas promo,SEM_Sofas,Phrase
promo,promo convertible sofas,SEM_Sofas,Phrase
convertible sofas,convertible sofas shop,SEM_Sofas,Phrase
shop,shop convertible sofas,SEM_Sofas,Phrase
convertible sofas,convertible sofas buying,SEM_Sofas,Phrase
buying,buying convertible sofas,SEM_Sofas,Phrase
convertible sofas,convertible sofas prices,SEM_Sofas,Phrase
prices,prices convertible sofas,SEM_Sofas,Phrase
convertible sofas,convertible sofas pricing,SEM_Sofas,Phrase
pricing,pricing convertible sofas,SEM_Sofas,Phrase
convertible sofas,convertible sofas shopping,SEM_Sofas,Phrase
shopping,shopping convertible sofas,SEM_Sofas,Phrase
love seats,love seats buy,SEM_Sofas,Phrase
buy,buy love seats,SEM_Sofas,Phrase
love seats,love seats price,SEM_Sofas,Phrase
price,price love seats,SEM_Sofas,Phrase
love seats,love seats discount,SEM_Sofas,Phrase
discount,discount love seats,SEM_Sofas,Phrase
love seats,love seats promotion,SEM_Sofas,Phrase
promotion,promotion love seats,SEM_Sofas,Phrase
love seats,love seats promo,SEM_Sofas,Phrase
promo,promo love seats,SEM_Sofas,Phrase
love seats,love seats shop,SEM_Sofas,Phrase
shop,shop love seats,SEM_Sofas,Phrase
love seats,love seats buying,SEM_Sofas,Phrase
buying,buying love seats,SEM_Sofas,Phrase
love seats,love seats prices,SEM_Sofas,Phrase
prices,prices love seats,SEM_Sofas,Phrase
love seats,love seats pricing,SEM_Sofas,Phrase
pricing,pricing love seats,SEM_Sofas,Phrase
love seats,love seats shopping,SEM_Sofas,Phrase
shopping,shopping love seats,SEM_Sofas,Phrase
recliners,recliners buy,SEM_Sofas,Phrase
buy,buy recliners,SEM_Sofas,Phrase
recliners,recliners price,SEM_Sofas,Phrase
price,price recliners,SEM_Sofas,Phrase
recliners,recliners discount,SEM_Sofas,Phrase
discount,discount recliners,SEM_Sofas,Phrase
recliners,recliners promotion,SEM_Sofas,Phrase
promotion,promotion recliners,SEM_Sofas,Phrase
recliners,recliners promo,SEM_Sofas,Phrase
promo,promo recliners,SEM_Sofas,Phrase
recliners,recliners shop,SEM_Sofas,Phrase
shop,shop recliners,SEM_Sofas,Phrase
recliners,recliners buying,SEM_Sofas,Phrase
buying,buying recliners,SEM_Sofas,Phrase
recliners,recliners prices,SEM_Sofas,Phrase
prices,prices recliners,SEM_Sofas,Phrase
recliners,recliners pricing,SEM_Sofas,Phrase
pricing,pricing recliners,SEM_Sofas,Phrase
recliners,recliners shopping,SEM_Sofas,Phrase
shopping,shopping recliners,SEM_Sofas,Phrase
sofa beds,sofa beds buy,SEM_Sofas,Phrase
buy,buy sofa beds,SEM_Sofas,Phrase
sofa beds,sofa beds price,SEM_Sofas,Phrase
price,price sofa beds,SEM_Sofas,Phrase
sofa beds,sofa beds discount,SEM_Sofas,Phrase
discount,discount sofa beds,SEM_Sofas,Phrase
sofa beds,sofa beds promotion,SEM_Sofas,Phrase
promotion,promotion sofa beds,SEM_Sofas,Phrase
sofa beds,sofa beds promo,SEM_Sofas,Phrase
promo,promo sofa beds,SEM_Sofas,Phrase
sofa beds,sofa beds shop,SEM_Sofas,Phrase
shop,shop sofa beds,SEM_Sofas,Phrase
sofa beds,sofa beds buying,SEM_Sofas,Phrase
buying,buying sofa beds,SEM_Sofas,Phrase
sofa beds,sofa beds prices,SEM_Sofas,Phrase
prices,prices sofa beds,SEM_Sofas,Phrase
sofa beds,sofa beds pricing,SEM_Sofas,Phrase
pricing,pricing sofa beds,SEM_Sofas,Phrase
sofa beds,sofa beds shopping,SEM_Sofas,Phrase
shopping,shopping sofa beds,SEM_Sofas,Phrase
